﻿<?xml version="1.0" encoding="utf-8"?>
<!-- loth 2011 -->
 <gadget>
  <name>Radioweb</name>
  <namespace>LOTH</namespace>
  <version>0.8</version>
  <author name="LOTH 2011">
    <info url="3dflashlo.wordpress.com"/>
    <logo src="images/logo.png" /></author>
  <copyright>&#169; loth</copyright>
  <description>Flash Shoutcast Radio player   equalizer | xml files</description>
  <icons><icon height="48" width="48" src="images/icon.png" /></icons>
<hosts>
    <host name="sidebar">
      <base type="HTML" apiVersion="1.0.0" src="index.html" />
      <permissions>Full</permissions>
      <platform minPlatformVersion="1.0" />
      <defaultImage src="images/icon.png" />
</host></hosts></gadget>