<?xml version='1.0' encoding='UTF-8' ?>
<Rap>
  <R link='http://scfire-mtc-aa04.stream.aol.com:80/stream/1071' tx='HOT 108 JAMZ' mini='15' Brate='128'/>
  <R link='http://scfire-ntc-aa04.stream.aol.com:80/stream/1044' tx='1POWER' mini='15' Brate='128'/>
  <R link='http://scfire-ntc-aa01.stream.aol.com:80/stream/1054' tx='MUSIK.JAM' mini='15' Brate='128'/>
  <R link='http://67.202.67.130:8133' tx='FLOW 103' mini='15' Brate='32'/> 
  
  <R link='http://scfire-ntc-aa05.stream.aol.com:80/stream/1012' tx='Smoothbeats.com' mini='15' Brate='128'/> 
  
<R link='http://216.155.137.149:8054' tx='181.FM' mini='15' Brate='128'/> 
<R link='http://208.122.59.30:7694' tx='Classic Rap & Hip Hop' mini='15' Brate='96'/> 
<R link='http://66.11.119.110:8004' tx='Jelly Radio' mini='15' Brate='128'/> 
<R link='http://89.238.148.43:8000' tx='RAPTUREFM' mini='15' Brate='128'/> 
<R link='http://81.169.170.78:9020' tx='TrueHipHop.FM' mini='15' Brate='96'/> 

<R link='http://129.173.67.99:8000' tx='WeFunk' mini='15' Brate='64'/>
 <R link='http://91.121.3.59:3222' tx='BlackBeats.FM' mini='15' Brate='128'/> 
<R link='http://208.85.242.69:9622' tx='beatbasement.com' mini='15' Brate='24'/>  
</Rap>